variable,count,mean,std,min,25%,50%,75%,max,original
dummy1,1000.0,0.0005369643283511105,0.011325997708882842,-0.0336087822040068,-0.0067999319895788,0.0004562197433448,0.008620539015824675,0.0342325282652648,-0.0163408260360215
dummy2,1000.0,-6.041751130684153e-05,0.010558415057830886,-0.0315304018722983,-0.00735622150753875,-0.00014527499711555,0.007247440934234425,0.0312146876849757,0.0194087421381778
x1,1000.0,0.029082594898355615,2.929755406859751,-9.078709022859442,-1.8766990700363309,0.00955895333127025,1.920064629042519,28.205151259426447,28.205151259426447
x2,1000.0,0.03983680292983313,7.987828045457995,-28.268356056508797,-5.152162670692039,-0.09816764933478425,4.9362822802583555,75.05402776160958,75.05402776160958
x3,1000.0,-0.10159777393954064,1.8927176102650003,-6.0603162700036926,-1.3002033885032698,-0.1893035731429864,1.1662008202444096,17.75627692682276,17.75627692682276
